"X","user.self","sys.self","elapsed","user.child","sys.child","Set","Pattern","Mesh"
1,0.566000000000001,0.586,15.893,25.019,2.332,"Set1","Pattern1","Mesh1"
2,0.392000000000001,0.6,13.484,20.543,2.297,"Set1","Pattern2","Mesh1"
3,0.374000000000001,0.605,17.013,27.392,2.415,"Set1","Pattern3","Mesh1"
4,0.379999999999999,0.577,17.935,29.487,2.272,"Set1","Pattern4","Mesh1"
5,0.355,0.575,15.186,24.4,2.129,"Set1","Pattern5","Mesh1"
6,0.376000000000001,0.574,11.803,17.473,2.174,"Set2","Pattern6","Mesh1"
7,0.365,0.585,17.088,27.746,2.302,"Set2","Pattern7","Mesh1"
8,0.372,0.612,18.146,29.711,2.314,"Set2","Pattern8","Mesh1"
9,0.356000000000002,0.642999999999999,12.822,19.228,2.364,"Set2","Pattern9","Mesh1"
10,0.380999999999997,0.664,21.401,35.899,2.416,"Set2","Pattern10","Mesh1"
11,0.337,0.618,6.64599999999999,7.78199999999998,2.058,"Set3","Pattern11","Mesh1"
12,0.333000000000002,0.611000000000001,7.45600000000002,9.46699999999998,2.044,"Set3","Pattern12","Mesh1"
13,0.306999999999999,0.647,7.67400000000001,9.71600000000001,2.12,"Set3","Pattern13","Mesh1"
14,0.338000000000001,0.622,7.53299999999999,9.37399999999997,2.104,"Set3","Pattern14","Mesh1"
15,0.326000000000001,0.635,13.861,21.879,2.193,"Set3","Pattern15","Mesh1"
16,0.338999999999999,0.619,9.28200000000001,7.005,1.75700000000001,"Set4","Pattern16","Mesh1"
17,0.325000000000003,0.645999999999999,7.57500000000002,9.41899999999998,2.089,"Set4","Pattern17","Mesh1"
18,0.318999999999999,0.663,11.778,17.494,2.271,"Set4","Pattern18","Mesh1"
19,0.328999999999997,0.642999999999997,12.856,10.623,1.807,"Set4","Pattern19","Mesh1"
20,0.327000000000002,0.643999999999998,7.77600000000001,9.45700000000005,2.316,"Set4","Pattern20","Mesh1"
1,0.787999999999998,0.631,18.296,28.121,3.043,"Set1","Pattern1","Mesh10"
2,0.508000000000001,0.647,20.921,33.734,3.249,"Set1","Pattern2","Mesh10"
3,0.533999999999999,0.622,19.566,30.963,3.236,"Set1","Pattern3","Mesh10"
4,0.531000000000001,0.634,19.927,31.504,3.414,"Set1","Pattern4","Mesh10"
5,0.536000000000001,0.671,18.781,29.369,3.2,"Set1","Pattern5","Mesh10"
6,0.512,0.656000000000001,12.384,17.131,3,"Set2","Pattern6","Mesh10"
7,0.518000000000001,0.627000000000001,19.712,30.507,3.399,"Set2","Pattern7","Mesh10"
8,0.527000000000001,0.658,19.918,31.267,3.379,"Set2","Pattern8","Mesh10"
9,0.498000000000001,0.698,14.772,21.637,3.078,"Set2","Pattern9","Mesh10"
10,0.558,0.712999999999999,24.18,39.579,3.459,"Set2","Pattern10","Mesh10"
11,0.488000000000003,0.720000000000001,6.49800000000002,3.41899999999998,2.425,"Set3","Pattern11","Mesh10"
12,0.48,0.737,6.226,3.04500000000002,2.501,"Set3","Pattern12","Mesh10"
13,0.462,0.722,14.667,11.839,2.441,"Set3","Pattern13","Mesh10"
14,0.5,0.738000000000001,6.77199999999999,3.55399999999997,2.49,"Set3","Pattern14","Mesh10"
15,0.477,0.718999999999999,15.438,12.491,2.503,"Set3","Pattern15","Mesh10"
16,0.489000000000001,0.722,8.358,5.065,2.57,"Set4","Pattern16","Mesh10"
17,0.511000000000003,0.712,7.73899999999998,4.42899999999997,2.56999999999999,"Set4","Pattern17","Mesh10"
18,0.488,0.727,10.848,7.637,2.536,"Set4","Pattern18","Mesh10"
19,0.513999999999999,0.732999999999997,12.153,9.16999999999996,2.49799999999999,"Set4","Pattern19","Mesh10"
20,0.482999999999997,0.733000000000001,7.61399999999998,4.29199999999997,2.547,"Set4","Pattern20","Mesh10"
1,0.791,0.624,20.868,32.822,3.609,"Set1","Pattern1","Mesh11"
2,0.524999999999999,0.646,21.736,34.887,3.6,"Set1","Pattern2","Mesh11"
3,0.538,0.634,22.564,35.749,3.937,"Set1","Pattern3","Mesh11"
4,0.519000000000002,0.639,23.844,38.697,3.835,"Set1","Pattern4","Mesh11"
5,0.541,0.635999999999999,21.477,34.432,3.492,"Set1","Pattern5","Mesh11"
6,0.524999999999999,0.624000000000001,17.255,26.072,3.469,"Set2","Pattern6","Mesh11"
7,0.536000000000001,0.665999999999999,25.324,41.152,4.122,"Set2","Pattern7","Mesh11"
8,0.538999999999998,0.685,21.888,34.727,3.701,"Set2","Pattern8","Mesh11"
9,0.553000000000001,0.696,19.512,30.005,3.602,"Set2","Pattern9","Mesh11"
10,0.542999999999999,0.737,29.651,49.366,4.099,"Set2","Pattern10","Mesh11"
11,0.474,0.734999999999999,11.791,15.899,2.98,"Set3","Pattern11","Mesh11"
12,0.478999999999999,0.766,11.552,15.314,3.041,"Set3","Pattern12","Mesh11"
13,0.471,0.742000000000001,25.541,42.327,3.496,"Set3","Pattern13","Mesh11"
14,0.474999999999998,0.766999999999999,12.44,17.089,3.104,"Set3","Pattern14","Mesh11"
15,0.475999999999999,0.742999999999999,25.448,42.531,3.372,"Set3","Pattern15","Mesh11"
16,0.484999999999999,0.738,12.584,17.438,3.032,"Set4","Pattern16","Mesh11"
17,0.483000000000004,0.725999999999999,12.306,16.414,3.215,"Set4","Pattern17","Mesh11"
18,0.478000000000002,0.725000000000001,18.969,29.202,3.393,"Set4","Pattern18","Mesh11"
19,0.469999999999999,0.757999999999999,20.823,33.426,3.253,"Set4","Pattern19","Mesh11"
20,0.456000000000003,0.727,11.883,15.7959999999999,3.07900000000001,"Set4","Pattern20","Mesh11"
1,0.803999999999998,0.631,24.51,39.414,3.827,"Set1","Pattern1","Mesh12"
2,0.562000000000001,0.636,25.638,42.385,3.721,"Set1","Pattern2","Mesh12"
3,0.556000000000001,0.666,23.92,38.586,3.872,"Set1","Pattern3","Mesh12"
4,0.567,0.677,25.679,42.011,3.919,"Set1","Pattern4","Mesh12"
5,0.565000000000001,0.655,23.503,37.861,3.821,"Set1","Pattern5","Mesh12"
6,0.521999999999998,0.633,17.721,27.032,3.391,"Set2","Pattern6","Mesh12"
7,0.548999999999999,0.688000000000001,25.121,40.1,4.22,"Set2","Pattern7","Mesh12"
8,0.558,0.637,24.195,39.087,4.152,"Set2","Pattern8","Mesh12"
9,0.526,0.661999999999999,19.122,29.072,3.702,"Set2","Pattern9","Mesh12"
10,0.536999999999999,0.761000000000001,29.255,47.9299999999999,4.406,"Set2","Pattern10","Mesh12"
11,0.516999999999999,0.722999999999999,12.9,17.386,3.313,"Set3","Pattern11","Mesh12"
12,0.479999999999997,0.743,13.569,19.12,3.184,"Set3","Pattern12","Mesh12"
13,0.499000000000002,0.741000000000001,23.358,38.257,3.394,"Set3","Pattern13","Mesh12"
14,0.480999999999998,0.743,12.975,17.989,3.19500000000001,"Set3","Pattern14","Mesh12"
15,0.490000000000002,0.741,24.704,40.9019999999999,3.42700000000001,"Set3","Pattern15","Mesh12"
16,0.458000000000002,0.73,15.569,22.576,3.27300000000001,"Set4","Pattern16","Mesh12"
17,0.510999999999996,0.73,13.562,18.857,3.19,"Set4","Pattern17","Mesh12"
18,0.475999999999999,0.734999999999999,20.995,33.514,3.324,"Set4","Pattern18","Mesh12"
19,0.465999999999994,0.718,20.164,32.329,3.202,"Set4","Pattern19","Mesh12"
20,0.460999999999999,0.733999999999998,13.221,18.5409999999999,3.071,"Set4","Pattern20","Mesh12"
1,0.843,0.68,25.763,41.942,3.711,"Set1","Pattern1","Mesh13"
2,0.57,0.669,26.48,43.611,3.88,"Set1","Pattern2","Mesh13"
3,0.541999999999998,0.675,26.124,42.728,4.083,"Set1","Pattern3","Mesh13"
4,0.538,0.678999999999999,27.003,44.356,3.992,"Set1","Pattern4","Mesh13"
5,0.532999999999998,0.669,25.105,40.616,3.92,"Set1","Pattern5","Mesh13"
6,0.527999999999999,0.668,20.759,32.536,3.761,"Set2","Pattern6","Mesh13"
7,0.550999999999998,0.768999999999999,28.928,47.664,4.119,"Set2","Pattern7","Mesh13"
8,0.547000000000001,0.729000000000001,26.915,44.29,3.913,"Set2","Pattern8","Mesh13"
9,0.492999999999999,0.755000000000001,21.736,34.101,3.776,"Set2","Pattern9","Mesh13"
10,0.541,0.756,31.978,53.915,4.388,"Set2","Pattern10","Mesh13"
11,0.491,0.718999999999999,13.581,18.907,3.293,"Set3","Pattern11","Mesh13"
12,0.495000000000001,0.744,25.319,42.116,3.42599999999999,"Set3","Pattern12","Mesh13"
13,0.503,0.767000000000001,29.69,50.314,3.515,"Set3","Pattern13","Mesh13"
14,0.501999999999995,0.779,14.244,20.239,3.169,"Set3","Pattern14","Mesh13"
15,0.500999999999998,0.786999999999999,31.852,54.871,3.58800000000001,"Set3","Pattern15","Mesh13"
16,0.469000000000001,0.731999999999999,13.806,19.6869999999999,3.029,"Set4","Pattern16","Mesh13"
17,0.484999999999999,0.728999999999999,14.518,20.954,3.068,"Set4","Pattern17","Mesh13"
18,0.463000000000001,0.748999999999999,20.2,32.186,3.17800000000001,"Set4","Pattern18","Mesh13"
19,0.456999999999994,0.719000000000001,21.917,35.421,3.227,"Set4","Pattern19","Mesh13"
20,0.475999999999999,0.727,12.9750000000001,17.85,3.11699999999999,"Set4","Pattern20","Mesh13"
1,0.826999999999998,0.644,22.971,37.012,3.431,"Set1","Pattern1","Mesh14"
2,0.564,0.64,22.771,36.277,4.047,"Set1","Pattern2","Mesh14"
3,0.582000000000001,0.661,23.93,38.182,4.088,"Set1","Pattern3","Mesh14"
4,0.562000000000001,0.667,25.547,41.897,3.827,"Set1","Pattern4","Mesh14"
5,0.553999999999998,0.69,23.661,38.285,3.61,"Set1","Pattern5","Mesh14"
6,0.523,0.662,19.016,29.354,3.6,"Set2","Pattern6","Mesh14"
7,0.571999999999999,0.704000000000001,24.506,39.586,3.858,"Set2","Pattern7","Mesh14"
8,0.552,0.648,24.965,40.524,4.008,"Set2","Pattern8","Mesh14"
9,0.533000000000001,0.66,18.825,28.832,3.592,"Set2","Pattern9","Mesh14"
10,0.546000000000003,0.725000000000001,29.703,49.618,4,"Set2","Pattern10","Mesh14"
11,0.522000000000002,0.737,23.135,37.461,3.47600000000001,"Set3","Pattern11","Mesh14"
12,0.472999999999999,0.697999999999999,21.16,33.997,3.403,"Set3","Pattern12","Mesh14"
13,0.481000000000002,0.747000000000002,26.375,44.437,3.339,"Set3","Pattern13","Mesh14"
14,0.473999999999997,0.717000000000001,12.851,17.865,3.19299999999999,"Set3","Pattern14","Mesh14"
15,0.486999999999995,0.728000000000002,26.965,45.8869999999999,3.21499999999999,"Set3","Pattern15","Mesh14"
16,0.494,0.731000000000002,13.296,18.462,3.11,"Set4","Pattern16","Mesh14"
17,0.491999999999997,0.753999999999998,13.59,18.7620000000001,3.21000000000001,"Set4","Pattern17","Mesh14"
18,0.474999999999994,0.709,16.914,25.795,3.255,"Set4","Pattern18","Mesh14"
19,0.481000000000002,0.727999999999998,18.921,30.2140000000001,2.908,"Set4","Pattern19","Mesh14"
20,0.465000000000003,0.721,11.784,16.495,2.664,"Set4","Pattern20","Mesh14"
1,0.890000000000001,0.665,32.519,53.345,5.241,"Set1","Pattern1","Mesh15"
2,0.559999999999999,0.653,30.772,51.007,5.092,"Set1","Pattern2","Mesh15"
3,0.556999999999999,0.663,34.916,58.053,5.561,"Set1","Pattern3","Mesh15"
4,0.565999999999999,0.678999999999999,34.465,56.675,6.263,"Set1","Pattern4","Mesh15"
5,0.545000000000002,0.664,31.343,51.684,5.371,"Set1","Pattern5","Mesh15"
6,0.524000000000001,0.658,24.95,39.416,5.019,"Set2","Pattern6","Mesh15"
7,0.544,0.710999999999999,34.488,57.011,5.92299999999999,"Set2","Pattern7","Mesh15"
8,0.532,0.699999999999999,35.29,58.564,5.887,"Set2","Pattern8","Mesh15"
9,0.510000000000002,0.706,27.052,43.418,4.898,"Set2","Pattern9","Mesh15"
10,0.582999999999998,0.712,40.608,68.593,6.053,"Set2","Pattern10","Mesh15"
11,0.5,0.722,33.504,57.7579999999999,4.25500000000001,"Set3","Pattern11","Mesh15"
12,0.494,0.754999999999999,19.335,29.3629999999999,4.07899999999999,"Set3","Pattern12","Mesh15"
13,0.491,0.713000000000001,41.572,73.7379999999999,4.143,"Set3","Pattern13","Mesh15"
14,0.499000000000002,0.702,17.572,27.3389999999999,3.169,"Set3","Pattern14","Mesh15"
15,0.490000000000002,0.705,40.855,73.043,3.916,"Set3","Pattern15","Mesh15"
16,0.475999999999999,0.716999999999999,18.297,28.6189999999999,3.182,"Set4","Pattern16","Mesh15"
17,0.459000000000003,0.713000000000001,18.438,28.692,3.27199999999999,"Set4","Pattern17","Mesh15"
18,0.465000000000003,0.695999999999998,25.6270000000001,43.067,3.352,"Set4","Pattern18","Mesh15"
19,0.444000000000003,0.73,27.379,46.3530000000001,3.53100000000001,"Set4","Pattern19","Mesh15"
20,0.451000000000001,0.731000000000002,18.996,29.601,3.36800000000001,"Set4","Pattern20","Mesh15"
1,0.843,0.685,34.905,56.935,6.46,"Set1","Pattern1","Mesh16"
2,0.559000000000001,0.622,37.681,61.512,7.623,"Set1","Pattern2","Mesh16"
3,0.594000000000001,0.657999999999999,40.044,66.719,7.303,"Set1","Pattern3","Mesh16"
4,0.561,0.654,43.372,72.169,8.384,"Set1","Pattern4","Mesh16"
5,0.568000000000001,0.641,37.2,62.299,6.516,"Set1","Pattern5","Mesh16"
6,0.542999999999999,0.661,29.505,47.122,6.307,"Set2","Pattern6","Mesh16"
7,0.564,0.656,39.539,65.928,7.033,"Set2","Pattern7","Mesh16"
8,0.575999999999997,0.696999999999999,40.678,67.258,7.476,"Set2","Pattern8","Mesh16"
9,0.537000000000006,0.686999999999999,30.74,49.8049999999999,5.82899999999999,"Set2","Pattern9","Mesh16"
10,0.558999999999997,0.711,44.724,76.083,6.956,"Set2","Pattern10","Mesh16"
11,0.470999999999997,0.731999999999999,40.582,69.659,5.82300000000001,"Set3","Pattern11","Mesh16"
12,0.470999999999997,0.700999999999999,39.412,69.963,3.84700000000001,"Set3","Pattern12","Mesh16"
13,0.478999999999999,0.713000000000001,49.029,88.37,4.55800000000001,"Set3","Pattern13","Mesh16"
14,0.463999999999999,0.721,23.088,37.893,3.63799999999999,"Set3","Pattern14","Mesh16"
15,0.472999999999999,0.706,49.0740000000001,88.543,4.401,"Set3","Pattern15","Mesh16"
16,0.481999999999999,0.704000000000001,23.924,39.706,3.361,"Set4","Pattern16","Mesh16"
17,0.454000000000001,0.713999999999999,21.9150000000001,34.9449999999999,3.917,"Set4","Pattern17","Mesh16"
18,0.455999999999996,0.736000000000001,31.6659999999999,54.2719999999999,4.212,"Set4","Pattern18","Mesh16"
19,0.466000000000001,0.699000000000002,32.547,55.3330000000001,4.131,"Set4","Pattern19","Mesh16"
20,0.484000000000002,0.712,22.0600000000001,34.9849999999999,3.756,"Set4","Pattern20","Mesh16"
1,0.837,0.655,39.012,65.159,6.109,"Set1","Pattern1","Mesh17"
2,0.579000000000001,0.662,37.358,62.846,6.235,"Set1","Pattern2","Mesh17"
3,0.527000000000001,0.661,38.922,66.073,5.91,"Set1","Pattern3","Mesh17"
4,0.567,0.669,39.807,66.771,6.524,"Set1","Pattern4","Mesh17"
5,0.553999999999995,0.649999999999999,38.152,64.665,5.559,"Set1","Pattern5","Mesh17"
6,0.542000000000002,0.665999999999999,29.956,49.027,5.604,"Set2","Pattern6","Mesh17"
7,0.582000000000001,0.661,38.582,65.451,5.716,"Set2","Pattern7","Mesh17"
8,0.555,0.695,38.914,65.504,6.687,"Set2","Pattern8","Mesh17"
9,0.548999999999999,0.674000000000001,31.004,51.7839999999999,4.64599999999999,"Set2","Pattern9","Mesh17"
10,0.527999999999999,0.709000000000001,45.711,79.2909999999999,5.883,"Set2","Pattern10","Mesh17"
11,0.503999999999998,0.760999999999999,46.224,83.064,4.16500000000001,"Set3","Pattern11","Mesh17"
12,0.488,0.694000000000001,48.489,87.116,4.066,"Set3","Pattern12","Mesh17"
13,0.465000000000003,0.728,45.096,81.376,3.85599999999999,"Set3","Pattern13","Mesh17"
14,0.469999999999999,0.709,18.077,28.3100000000001,3.42,"Set3","Pattern14","Mesh17"
15,0.478999999999999,0.718999999999999,47.418,85.926,3.643,"Set3","Pattern15","Mesh17"
16,0.472999999999999,0.736999999999998,22.198,35.957,3.354,"Set4","Pattern16","Mesh17"
17,0.489999999999995,0.731999999999999,21.494,34.499,3.518,"Set4","Pattern17","Mesh17"
18,0.488,0.716999999999999,27.067,45.7379999999998,3.374,"Set4","Pattern18","Mesh17"
19,0.490000000000002,0.712,27.7969999999999,46.345,3.77200000000001,"Set4","Pattern19","Mesh17"
20,0.470999999999997,0.713999999999999,22.11,35.2630000000001,3.751,"Set4","Pattern20","Mesh17"
1,0.846,0.651,35.868,59.106,6.525,"Set1","Pattern1","Mesh18"
2,0.596,0.655,33.178,54.481,6.066,"Set1","Pattern2","Mesh18"
3,0.562999999999999,0.66,36.057,60.928,5.358,"Set1","Pattern3","Mesh18"
4,0.564,0.656000000000001,35.798,60.062,5.908,"Set1","Pattern4","Mesh18"
5,0.549999999999997,0.66,36.28,60.117,6.452,"Set1","Pattern5","Mesh18"
6,0.539999999999999,0.655,26.81,43.636,4.672,"Set2","Pattern6","Mesh18"
7,0.573999999999998,0.698,33.433,55.732,5.209,"Set2","Pattern7","Mesh18"
8,0.551000000000002,0.706,36.662,60.945,6.351,"Set2","Pattern8","Mesh18"
9,0.539999999999999,0.712999999999999,27.349,44.38,4.501,"Set2","Pattern9","Mesh18"
10,0.577999999999996,0.702,41.11,70.03,6.119,"Set2","Pattern10","Mesh18"
11,0.530999999999999,0.731,41.01,72.6379999999999,4.13,"Set3","Pattern11","Mesh18"
12,0.501999999999995,0.714,41.568,73.151,4.331,"Set3","Pattern12","Mesh18"
13,0.500999999999998,0.693999999999999,40.769,72.513,3.843,"Set3","Pattern13","Mesh18"
14,0.486000000000004,0.722,17.3149999999999,26.784,3.35600000000001,"Set3","Pattern14","Mesh18"
15,0.481000000000002,0.737,39.7329999999999,70.779,3.92,"Set3","Pattern15","Mesh18"
16,0.475000000000001,0.719999999999999,19.726,31.0519999999999,3.247,"Set4","Pattern16","Mesh18"
17,0.488,0.747999999999998,20.056,31.6339999999999,3.30000000000001,"Set4","Pattern17","Mesh18"
18,0.478000000000002,0.73,26.711,44.7330000000001,3.568,"Set4","Pattern18","Mesh18"
19,0.486000000000004,0.731999999999999,24.5469999999999,40.773,3.313,"Set4","Pattern19","Mesh18"
20,0.491,0.727,19.033,29.7860000000001,3.233,"Set4","Pattern20","Mesh18"
1,0.890999999999998,0.665,47.601,79.293,8.709,"Set1","Pattern1","Mesh19"
2,0.591000000000001,0.658,48.8,82.752,8.981,"Set1","Pattern2","Mesh19"
3,0.585000000000001,0.676,56.85,98.585,8.562,"Set1","Pattern3","Mesh19"
4,0.586999999999996,0.654,52.296,89.823,8.703,"Set1","Pattern4","Mesh19"
5,0.573999999999998,0.695,48.351,82.047,7.935,"Set1","Pattern5","Mesh19"
6,0.526999999999994,0.666,41.917,68.5,8.574,"Set2","Pattern6","Mesh19"
7,0.591000000000001,0.715000000000001,48.772,82.11,8.818,"Set2","Pattern7","Mesh19"
8,0.580000000000005,0.722,50.006,82.288,11.028,"Set2","Pattern8","Mesh19"
9,0.530000000000001,0.703999999999999,39.655,65.5179999999999,7.685,"Set2","Pattern9","Mesh19"
10,0.588999999999999,0.745000000000001,57.023,97.678,9.955,"Set2","Pattern10","Mesh19"
11,0.522000000000006,0.744999999999999,59.309,105.802,6.786,"Set3","Pattern11","Mesh19"
12,0.519000000000005,0.727,65.001,117.973,5.673,"Set3","Pattern12","Mesh19"
13,0.516999999999996,0.738000000000001,60.51,108.077,6.94200000000001,"Set3","Pattern13","Mesh19"
14,0.503,0.728,25.514,41.4489999999998,4.87500000000001,"Set3","Pattern14","Mesh19"
15,0.508000000000003,0.746999999999998,60.809,110.342,5.709,"Set3","Pattern15","Mesh19"
16,0.506,0.692,30.357,51.3999999999999,3.994,"Set4","Pattern16","Mesh19"
17,0.522999999999996,0.736000000000001,29.199,48.02,5.017,"Set4","Pattern17","Mesh19"
18,0.497,0.750999999999998,36.248,61.8019999999999,5.19499999999999,"Set4","Pattern18","Mesh19"
19,0.482999999999997,0.600999999999999,34.547,58.825,5.15799999999999,"Set4","Pattern19","Mesh19"
20,0.486999999999995,0.623999999999999,26.879,44.2810000000002,4.91999999999999,"Set4","Pattern20","Mesh19"
1,0.602,0.597,15.482,22.241,2.36,"Set1","Pattern1","Mesh2"
2,0.411,0.592,14.23,21.729,2.446,"Set1","Pattern2","Mesh2"
3,0.375999999999999,0.639,14.625,22.424,2.585,"Set1","Pattern3","Mesh2"
4,0.391,0.62,14.264,22.023,2.356,"Set1","Pattern4","Mesh2"
5,0.417,0.578,13.68,20.94,2.297,"Set1","Pattern5","Mesh2"
6,0.386000000000001,0.603,10.34,14.576,2.225,"Set2","Pattern6","Mesh2"
7,0.365,0.627,16.725,26.832,2.319,"Set2","Pattern7","Mesh2"
8,0.383000000000001,0.614999999999999,15.322,24.341,2.267,"Set2","Pattern8","Mesh2"
9,0.397,0.629000000000001,11.342,16.294,2.231,"Set2","Pattern9","Mesh2"
10,0.405000000000001,0.702999999999999,21.172,35.11,2.611,"Set2","Pattern10","Mesh2"
11,0.355,0.69,5.113,2.47999999999999,1.85400000000001,"Set3","Pattern11","Mesh2"
12,0.356000000000002,0.671000000000001,5.042,2.53899999999999,1.857,"Set3","Pattern12","Mesh2"
13,0.358000000000001,0.664999999999999,12.154,9.726,1.928,"Set3","Pattern13","Mesh2"
14,0.374000000000002,0.681999999999999,5.654,3.048,1.949,"Set3","Pattern14","Mesh2"
15,0.341999999999999,0.668000000000001,12.059,9.65199999999999,1.90799999999999,"Set3","Pattern15","Mesh2"
16,0.352999999999998,0.620000000000001,6.61599999999999,4.24599999999998,1.791,"Set4","Pattern16","Mesh2"
17,0.364000000000001,0.67,5.76599999999999,3.214,1.875,"Set4","Pattern17","Mesh2"
18,0.360999999999997,0.673999999999999,9.053,6.541,1.951,"Set4","Pattern18","Mesh2"
19,0.338999999999999,0.66,10.021,7.642,1.857,"Set4","Pattern19","Mesh2"
20,0.361999999999998,0.695,6.19599999999997,3.38100000000003,2.039,"Set4","Pattern20","Mesh2"
1,1,0.745,67.118,112.607,13.389,"Set1","Pattern1","Mesh20"
2,0.644999999999996,0.733,67.596,113.652,14.471,"Set1","Pattern2","Mesh20"
3,0.643999999999998,0.789,67.822,115.23,13.195,"Set1","Pattern3","Mesh20"
4,0.633000000000003,0.795,72.455,121.441,15.81,"Set1","Pattern4","Mesh20"
5,0.652000000000001,0.797,69.827,116.449,15.309,"Set1","Pattern5","Mesh20"
6,0.619999999999997,0.813999999999999,54.127,88.3370000000001,12.925,"Set2","Pattern6","Mesh20"
7,0.614000000000004,0.781000000000001,65.663,110.473,13.741,"Set2","Pattern7","Mesh20"
8,0.639000000000003,0.818,68.407,113.66,15.643,"Set2","Pattern8","Mesh20"
9,0.603999999999999,0.854000000000001,58.774,96.377,13.745,"Set2","Pattern9","Mesh20"
10,0.637999999999998,0.847,72.6030000000001,122.996,14.775,"Set2","Pattern10","Mesh20"
11,0.588999999999999,0.822999999999999,85.985,153.732,11.117,"Set3","Pattern11","Mesh20"
12,0.585000000000001,0.843,102.745,184.961,13.012,"Set3","Pattern12","Mesh20"
13,0.564999999999998,0.829000000000001,87.226,157.185,10.929,"Set3","Pattern13","Mesh20"
14,0.574000000000005,0.811,42.035,66.463,11.743,"Set3","Pattern14","Mesh20"
15,0.566000000000003,0.838000000000001,91.0390000000002,163.11,11.892,"Set3","Pattern15","Mesh20"
16,0.581000000000003,0.859999999999999,54.0980000000002,88.953,11.534,"Set4","Pattern16","Mesh20"
17,0.570999999999998,0.838999999999999,41.0049999999999,67.6669999999999,8.13399999999999,"Set4","Pattern17","Mesh20"
18,0.574000000000005,0.847000000000001,55.8910000000001,94.2380000000001,10.341,"Set4","Pattern18","Mesh20"
19,0.577999999999996,0.850000000000001,55.511,92.8800000000001,11.343,"Set4","Pattern19","Mesh20"
20,0.603999999999999,0.833000000000002,40.559,67.02,7.66000000000003,"Set4","Pattern20","Mesh20"
1,1.209,0.791,45.283,74.557,7.998,"Set1","Pattern1","Mesh21"
2,0.610999999999997,0.76,45.067,75.564,8.367,"Set1","Pattern2","Mesh21"
3,0.638000000000005,0.779,48.084,82.402,6.994,"Set1","Pattern3","Mesh21"
4,0.582000000000001,0.784999999999999,48.191,80.896,8.813,"Set1","Pattern4","Mesh21"
5,0.572000000000003,0.768,44.701,75.545,7.314,"Set1","Pattern5","Mesh21"
6,0.559000000000005,0.781000000000001,35.946,58.932,6.98699999999999,"Set2","Pattern6","Mesh21"
7,0.594000000000001,0.789000000000001,46.122,77.4200000000001,8.094,"Set2","Pattern7","Mesh21"
8,0.597000000000001,0.81,46.928,77.823,9.46000000000001,"Set2","Pattern8","Mesh21"
9,0.593000000000004,0.801,35.638,59.668,5.51900000000001,"Set2","Pattern9","Mesh21"
10,0.613999999999997,0.819000000000001,50.708,87.784,7.03700000000001,"Set2","Pattern10","Mesh21"
11,0.530000000000001,0.811,55.401,99.974,4.89399999999999,"Set3","Pattern11","Mesh21"
12,0.543999999999997,0.834,60.409,109.008,5.25,"Set3","Pattern12","Mesh21"
13,0.535000000000004,0.819999999999999,53.429,95.9440000000001,5.167,"Set3","Pattern13","Mesh21"
14,0.552,0.841999999999999,22.8489999999999,36.1199999999999,4.33099999999999,"Set3","Pattern14","Mesh21"
15,0.535000000000004,0.836000000000002,53.1319999999999,95.674,4.545,"Set3","Pattern15","Mesh21"
16,0.506,0.826000000000001,28.014,45.528,4.333,"Set4","Pattern16","Mesh21"
17,0.537000000000006,0.843999999999998,25.83,41.4820000000002,4.49700000000001,"Set4","Pattern17","Mesh21"
18,0.530999999999999,0.837,32.072,54.1499999999999,4.096,"Set4","Pattern18","Mesh21"
19,0.530000000000001,0.818000000000001,32.217,54.5160000000001,4.077,"Set4","Pattern19","Mesh21"
20,0.549999999999997,0.826000000000001,27.3630000000001,44.405,4.24599999999998,"Set4","Pattern20","Mesh21"
1,0.834,0.741,39.223,64.737,6.873,"Set1","Pattern1","Mesh22"
2,0.556999999999999,0.744,40.635,68.071,7.129,"Set1","Pattern2","Mesh22"
3,0.556999999999999,0.746,43.309,72.224,8.299,"Set1","Pattern3","Mesh22"
4,0.966999999999999,0.799,44.226,72.387,8.914,"Set1","Pattern4","Mesh22"
5,0.611000000000004,0.792,40.752,67.62,7.261,"Set1","Pattern5","Mesh22"
6,0.543999999999997,0.776,30.906,50.578,5.408,"Set2","Pattern6","Mesh22"
7,0.590000000000003,0.789,42.328,71.243,6.417,"Set2","Pattern7","Mesh22"
8,0.573,0.805,42.58,70.669,8.20699999999999,"Set2","Pattern8","Mesh22"
9,0.595999999999997,0.795,31.989,53.223,4.896,"Set2","Pattern9","Mesh22"
10,0.616,0.814,47.4299999999999,80.2610000000001,7.717,"Set2","Pattern10","Mesh22"
11,0.521000000000001,0.780999999999999,51.054,91.9780000000001,4.63000000000001,"Set3","Pattern11","Mesh22"
12,0.533000000000001,0.84,52.806,94.651,4.985,"Set3","Pattern12","Mesh22"
13,0.522000000000006,0.804,52.7910000000001,94.784,5.002,"Set3","Pattern13","Mesh22"
14,0.501999999999995,0.814,21.904,34.391,4.02200000000001,"Set3","Pattern14","Mesh22"
15,0.523000000000003,0.856999999999999,51.5799999999999,92.127,5.386,"Set3","Pattern15","Mesh22"
16,0.509,0.809999999999999,24.877,40.116,3.97,"Set4","Pattern16","Mesh22"
17,0.528999999999996,0.834000000000003,26.417,41.7849999999999,4.681,"Set4","Pattern17","Mesh22"
18,0.511000000000003,0.832000000000001,31.7760000000001,54.107,4.04700000000001,"Set4","Pattern18","Mesh22"
19,0.524000000000001,0.832000000000001,32.211,54.076,4.40799999999999,"Set4","Pattern19","Mesh22"
20,0.521999999999998,0.838000000000001,26.249,40.8799999999999,5.50200000000001,"Set4","Pattern20","Mesh22"
1,0.949999999999996,0.779,63.121,104.668,13.501,"Set1","Pattern1","Mesh23"
2,0.603999999999999,0.75,63.2,108.234,11.772,"Set1","Pattern2","Mesh23"
3,0.639000000000003,0.795999999999999,67.341,114.897,12.273,"Set1","Pattern3","Mesh23"
4,0.595999999999997,0.787,66.393,113.631,11.752,"Set1","Pattern4","Mesh23"
5,0.564999999999998,0.796,65.381,110.724,12.928,"Set1","Pattern5","Mesh23"
6,0.579000000000001,0.835999999999999,55.371,89.673,13.23,"Set2","Pattern6","Mesh23"
7,0.600999999999999,0.811,64.156,107.577,13.046,"Set2","Pattern7","Mesh23"
8,0.598999999999997,0.77,66.246,109.78,15.242,"Set2","Pattern8","Mesh23"
9,0.573,0.808,54.023,89.532,11.523,"Set2","Pattern9","Mesh23"
10,0.623000000000005,0.831,71.9970000000001,122.97,13.41,"Set2","Pattern10","Mesh23"
11,0.528000000000006,0.813000000000001,86.1700000000001,156.179,9.65700000000001,"Set3","Pattern11","Mesh23"
12,0.549999999999997,0.853,102.552,186.088,11.353,"Set3","Pattern12","Mesh23"
13,0.541000000000004,0.848999999999998,85.391,154.187,9.696,"Set3","Pattern13","Mesh23"
14,0.548000000000002,0.838999999999999,33.843,55.0069999999998,7.166,"Set3","Pattern14","Mesh23"
15,0.541000000000004,0.863999999999997,92.669,167.687,10.799,"Set3","Pattern15","Mesh23"
16,0.536000000000001,0.845000000000002,45.8520000000001,76.3779999999999,8.84999999999999,"Set4","Pattern16","Mesh23"
17,0.555999999999997,0.834,42.376,69.46,8.49000000000001,"Set4","Pattern17","Mesh23"
18,0.552,0.858999999999998,55.9970000000001,94.7940000000001,10.465,"Set4","Pattern18","Mesh23"
19,0.541000000000004,0.876000000000001,52.6690000000001,89.1320000000001,9.155,"Set4","Pattern19","Mesh23"
20,0.565000000000005,0.870000000000001,41.7230000000002,66.4589999999998,10.841,"Set4","Pattern20","Mesh23"
1,0.929000000000002,0.769,89.54,152.343,18.45,"Set1","Pattern1","Mesh24"
2,0.657999999999994,0.756,84.666,144.477,17.424,"Set1","Pattern2","Mesh24"
3,0.597000000000001,0.733000000000001,89.751,152.986,18.58,"Set1","Pattern3","Mesh24"
4,0.645000000000003,0.798,89.367,152.266,17.998,"Set1","Pattern4","Mesh24"
5,0.623000000000005,0.815,82.604,141.386,16.049,"Set1","Pattern5","Mesh24"
6,0.593999999999994,0.788,68.52,114.591,15.241,"Set2","Pattern6","Mesh24"
7,0.634999999999998,0.798,82.6500000000001,138.885,18.011,"Set2","Pattern7","Mesh24"
8,0.632999999999996,0.786999999999999,87.314,146.803,19.781,"Set2","Pattern8","Mesh24"
9,0.614000000000004,0.824,73.688,123.587,15.834,"Set2","Pattern9","Mesh24"
10,0.655000000000001,0.815,90.26,154.479,17.885,"Set2","Pattern10","Mesh24"
11,0.567999999999998,0.818999999999999,120.221,219.369,13.99,"Set3","Pattern11","Mesh24"
12,0.574000000000005,0.819000000000001,144.381,263.716,17.199,"Set3","Pattern12","Mesh24"
13,0.576999999999998,0.811000000000002,125.552,227.235,17.025,"Set3","Pattern13","Mesh24"
14,0.585999999999999,0.829000000000001,52.8290000000002,86.0059999999999,13.821,"Set3","Pattern14","Mesh24"
15,0.578000000000003,0.797999999999998,148.564,270.119,19.311,"Set3","Pattern15","Mesh24"
16,0.548999999999999,0.826999999999998,69.971,116.65,16.197,"Set4","Pattern16","Mesh24"
17,0.571999999999996,0.805,59.277,97.4720000000002,13.469,"Set4","Pattern17","Mesh24"
18,0.579000000000001,0.84,84.7610000000002,145.733,16.06,"Set4","Pattern18","Mesh24"
19,0.555,0.852,74.875,128.15,14.205,"Set4","Pattern19","Mesh24"
20,0.564,0.928000000000001,57.8809999999999,94.7460000000001,13.651,"Set4","Pattern20","Mesh24"
1,0.954999999999998,0.769,79.369,134.541,15.563,"Set1","Pattern1","Mesh25"
2,0.631,0.736,79.11,138.606,12.219,"Set1","Pattern2","Mesh25"
3,0.613,0.721,83.445,146.707,13.055,"Set1","Pattern3","Mesh25"
4,0.614000000000004,0.766,84.773,146.847,14.267,"Set1","Pattern4","Mesh25"
5,0.618000000000002,0.781000000000001,76.575,135.137,10.727,"Set1","Pattern5","Mesh25"
6,0.578000000000003,0.849,70.427,119.79,13.261,"Set2","Pattern6","Mesh25"
7,0.624000000000002,0.822000000000001,85.136,145.729,16.51,"Set2","Pattern7","Mesh25"
8,0.619999999999997,0.837,79.135,138.177,12.808,"Set2","Pattern8","Mesh25"
9,0.606999999999999,0.839,65.694,113.21,10.449,"Set2","Pattern9","Mesh25"
10,0.617000000000004,0.855,90.755,156.032,17.443,"Set2","Pattern10","Mesh25"
11,0.593000000000004,0.827,133.373,239.674,19.871,"Set3","Pattern11","Mesh25"
12,0.570999999999998,0.828000000000001,160.225,297.016,16.312,"Set3","Pattern12","Mesh25"
13,0.576000000000008,0.818,109.383,196.66,15.5,"Set3","Pattern13","Mesh25"
14,0.578000000000003,0.821999999999999,86.48,153.732,13.052,"Set3","Pattern14","Mesh25"
15,0.572000000000003,0.847999999999999,96.8230000000001,170.749,15.156,"Set3","Pattern15","Mesh25"
16,0.575000000000003,0.831,71.346,117.336,17.073,"Set4","Pattern16","Mesh25"
17,0.551999999999992,0.866,58.739,97.6390000000001,12.523,"Set4","Pattern17","Mesh25"
18,0.573999999999998,0.852,74.327,127.073,13.521,"Set4","Pattern18","Mesh25"
19,0.568999999999988,0.847999999999999,69.0419999999999,118.332,12.268,"Set4","Pattern19","Mesh25"
20,0.564999999999998,0.859999999999999,58.1129999999998,94.4859999999999,14.26,"Set4","Pattern20","Mesh25"
1,0.970999999999997,0.765,72.125,123.846,12.309,"Set1","Pattern1","Mesh26"
2,0.671999999999997,0.767,73.119,126.643,11.563,"Set1","Pattern2","Mesh26"
3,0.628,0.77,73.442,128.091,11.995,"Set1","Pattern3","Mesh26"
4,0.618000000000002,0.784,75.764,129.657,13.475,"Set1","Pattern4","Mesh26"
5,0.640999999999998,0.827,69.072,119.299,11.276,"Set1","Pattern5","Mesh26"
6,0.586999999999996,0.815,61.062,103.861,11.475,"Set2","Pattern6","Mesh26"
7,0.619,0.776,75.5169999999999,128.806,14.81,"Set2","Pattern7","Mesh26"
8,0.606999999999999,0.794,73.729,126.484,13.896,"Set2","Pattern8","Mesh26"
9,0.610999999999997,0.782,59.688,103.018,9.521,"Set2","Pattern9","Mesh26"
10,0.637999999999998,0.821999999999999,87.573,149.435,17.623,"Set2","Pattern10","Mesh26"
11,0.560000000000002,0.829000000000001,113.713,203.453,17.033,"Set3","Pattern11","Mesh26"
12,0.571999999999989,0.807,144.888,265.967,16.26,"Set3","Pattern12","Mesh26"
13,0.560000000000002,0.818,91.8119999999999,163.159,14.212,"Set3","Pattern13","Mesh26"
14,0.587999999999994,0.815000000000001,77.5319999999999,134.407,14.522,"Set3","Pattern14","Mesh26"
15,0.566999999999993,0.869999999999997,87.2739999999999,152.89,14.309,"Set3","Pattern15","Mesh26"
16,0.560000000000002,0.841999999999999,55.4349999999999,91.529,11.954,"Set4","Pattern16","Mesh26"
17,0.570999999999998,0.837,52.838,86.9120000000003,12.279,"Set4","Pattern17","Mesh26"
18,0.566000000000003,0.837,64.4359999999999,110.007,11.847,"Set4","Pattern18","Mesh26"
19,0.561000000000007,0.819000000000003,62.4349999999999,104.739,12.666,"Set4","Pattern19","Mesh26"
20,0.572000000000003,0.852,49.9110000000001,80.665,12.111,"Set4","Pattern20","Mesh26"
1,1.432,0.816,175.765,249.726,90.23,"Set1","Pattern1","Mesh27"
2,0.704999999999998,0.804,137.351,240.043,24.488,"Set1","Pattern2","Mesh27"
3,1.036,0.857,180.84,259.327,92.413,"Set1","Pattern3","Mesh27"
4,0.662999999999997,0.797,178.742,256.499,90.476,"Set1","Pattern4","Mesh27"
5,0.656999999999996,0.788,162.987,235.935,81.959,"Set1","Pattern5","Mesh27"
6,0.647999999999996,0.836,117.676,197.655,25.27,"Set2","Pattern6","Mesh27"
7,0.664999999999992,0.837,163.37,232.525,84.086,"Set2","Pattern7","Mesh27"
8,0.619,0.843,173.848,250.475,87.703,"Set2","Pattern8","Mesh27"
9,0.641999999999996,0.834999999999999,115.165,196.654,24.426,"Set2","Pattern9","Mesh27"
10,0.653000000000006,0.834,169.43,243.046,86.836,"Set2","Pattern10","Mesh27"
11,0.631,0.815,257.324,470.262,34.857,"Set3","Pattern11","Mesh27"
12,0.619,0.798999999999999,311.733,574.476,40.04,"Set3","Pattern12","Mesh27"
13,0.599999999999994,0.818999999999999,215.752,386.729,35.482,"Set3","Pattern13","Mesh27"
14,0.614000000000004,0.847999999999999,175.571,311.869,31.415,"Set3","Pattern14","Mesh27"
15,0.605000000000004,0.881999999999998,184.297,324.2,35.039,"Set3","Pattern15","Mesh27"
16,0.603000000000009,0.916,129.134,212.404,35.52,"Set4","Pattern16","Mesh27"
17,0.614000000000004,0.931999999999999,114.645,189.308,30.95,"Set4","Pattern17","Mesh27"
18,0.584999999999994,0.937000000000001,137.61,236.519,29.053,"Set4","Pattern18","Mesh27"
19,0.603999999999999,0.914999999999999,125.075,211.433999999999,28.8939999999999,"Set4","Pattern19","Mesh27"
20,0.612000000000009,0.916,108.599,172.298,34.9989999999999,"Set4","Pattern20","Mesh27"
1,1.292,0.818,219.238,313.263,113.347,"Set1","Pattern1","Mesh28"
2,1.056,0.791,224.966,323.192,115.205,"Set1","Pattern2","Mesh28"
3,0.699999999999989,0.74,212.188,305.807,108.758,"Set1","Pattern3","Mesh28"
4,0.688000000000002,0.739999999999999,232.717,333.195,121.241,"Set1","Pattern4","Mesh28"
5,0.697000000000003,0.73,213.523,309.003,109.186,"Set1","Pattern5","Mesh28"
6,0.662000000000006,0.753000000000001,183.128,258.728,92.7669999999999,"Set2","Pattern6","Mesh28"
7,1.07000000000001,0.855,211.386,300.907,110.449,"Set2","Pattern7","Mesh28"
8,0.679000000000002,0.814,224.321,322.894,115.732,"Set2","Pattern8","Mesh28"
9,0.641000000000005,0.806000000000001,186.326,269.349,93.4589999999999,"Set2","Pattern9","Mesh28"
10,0.678999999999988,0.827999999999999,104.33,156.85,41.2029999999999,"Set2","Pattern10","Mesh28"
11,0.641999999999996,0.802000000000001,492.221,717.145,256.55,"Set3","Pattern11","Mesh28"
12,0.638000000000005,0.823,574.582,840.735,296.483,"Set3","Pattern12","Mesh28"
13,0.579000000000008,0.757,356.431,517.915,186.106,"Set3","Pattern13","Mesh28"
14,0.590999999999994,0.873000000000001,295.644,430.021,152.593,"Set3","Pattern14","Mesh28"
15,0.626000000000005,0.879999999999999,325.832,469.722000000001,170.89,"Set3","Pattern15","Mesh28"
16,0.647999999999996,0.91,162.543,265.534,47.9029999999998,"Set4","Pattern16","Mesh28"
17,0.610000000000014,0.842000000000002,159.76,225.571999999999,83.9059999999999,"Set4","Pattern17","Mesh28"
18,0.615000000000009,0.904,217.642,312,111.54,"Set4","Pattern18","Mesh28"
19,0.612000000000009,0.714000000000002,159.025000000001,268.407999999999,40.1679999999997,"Set4","Pattern19","Mesh28"
20,0.628,0.835999999999999,162.174,224.719,89.0299999999997,"Set4","Pattern20","Mesh28"
1,0.887999999999998,0.743,87.18,151.071,14.631,"Set1","Pattern1","Mesh29"
2,0.584000000000003,0.753,81.582,143.497,12.076,"Set1","Pattern2","Mesh29"
3,0.597999999999999,0.720000000000001,83.229,146.684,12.336,"Set1","Pattern3","Mesh29"
4,0.599000000000004,0.757,85.269,149.48,13.333,"Set1","Pattern4","Mesh29"
5,0.573999999999998,0.795,76.69,135.968,10.337,"Set1","Pattern5","Mesh29"
6,0.585000000000001,0.791,70.708,121.461,12.933,"Set2","Pattern6","Mesh29"
7,0.597000000000001,0.802,83.432,145.099,14.371,"Set2","Pattern7","Mesh29"
8,0.609000000000002,0.796999999999999,84.669,147.678,13.846,"Set2","Pattern8","Mesh29"
9,0.576999999999998,0.800000000000001,64.6129999999999,112.412,9.70300000000002,"Set2","Pattern9","Mesh29"
10,0.622,0.817,90.269,157.522,15.58,"Set2","Pattern10","Mesh29"
11,0.56600000000001,0.834,139.548,251.289,20.404,"Set3","Pattern11","Mesh29"
12,0.561999999999998,0.828999999999999,172.816,321.564,16.593,"Set3","Pattern12","Mesh29"
13,0.548000000000002,0.835000000000001,113.386,206.118,14.281,"Set3","Pattern13","Mesh29"
14,0.587999999999994,0.826000000000001,93.7940000000001,165.687,15.551,"Set3","Pattern14","Mesh29"
15,0.572000000000003,0.82,98.6769999999999,176.397,13.473,"Set3","Pattern15","Mesh29"
16,0.558999999999997,0.837,70.2230000000002,117.884,14.463,"Set4","Pattern16","Mesh29"
17,0.570999999999998,0.850000000000001,64.1200000000001,107.448,13.68,"Set4","Pattern17","Mesh29"
18,0.560000000000002,0.858000000000001,78.557,136.332,13.454,"Set4","Pattern18","Mesh29"
19,0.525999999999996,0.861999999999998,73.4660000000001,126.638,12.996,"Set4","Pattern19","Mesh29"
20,0.540999999999997,0.925000000000001,62.777,103.274,14.607,"Set4","Pattern20","Mesh29"
1,0.603,0.588,16.031,25.2,2.38,"Set1","Pattern1","Mesh3"
2,0.414,0.594,250.028,479.217,6.016,"Set1","Pattern2","Mesh3"
3,0.42,0.576,17.619,28.377,2.539,"Set1","Pattern3","Mesh3"
4,0.465,0.604,291.591,564.075,5.376,"Set1","Pattern4","Mesh3"
5,0.406000000000001,0.62,17.26,27.7199999999998,2.439,"Set1","Pattern5","Mesh3"
6,0.375999999999999,0.571,11.2280000000001,16.6209999999999,2.136,"Set2","Pattern6","Mesh3"
7,0.411999999999999,0.629,18.543,29.973,2.512,"Set2","Pattern7","Mesh3"
8,0.418000000000001,0.633000000000001,1021.398,1986.693,40.148,"Set2","Pattern8","Mesh3"
9,0.403000000000002,0.637,80.921,147.199,3.833,"Set2","Pattern9","Mesh3"
10,0.402999999999999,0.654999999999999,21.9290000000001,36.6389999999997,2.432,"Set2","Pattern10","Mesh3"
11,0.34,0.644,5.51299999999992,3.09099999999989,1.825,"Set3","Pattern11","Mesh3"
12,0.357000000000003,0.673999999999999,5.91699999999992,3.42200000000003,1.864,"Set3","Pattern12","Mesh3"
13,0.370999999999999,0.683,13.1400000000001,10.6710000000003,1.92,"Set3","Pattern13","Mesh3"
14,0.353999999999999,0.642999999999999,6.08699999999999,3.67799999999988,1.789,"Set3","Pattern14","Mesh3"
15,0.441000000000003,0.684000000000001,16.2280000000001,10.4649999999997,1.913,"Set3","Pattern15","Mesh3"
16,0.459,0.688000000000001,10.088,5.74499999999989,2.023,"Set4","Pattern16","Mesh3"
17,0.389000000000003,0.679,6.86500000000001,4.24699999999984,1.91800000000001,"Set4","Pattern17","Mesh3"
18,0.375,0.638000000000002,10.278,7.91199999999981,1.869,"Set4","Pattern18","Mesh3"
19,0.358000000000001,0.652000000000001,10.1460000000002,7.79700000000003,1.85299999999999,"Set4","Pattern19","Mesh3"
20,0.358000000000001,0.66,6.44200000000001,3.97499999999991,1.84699999999999,"Set4","Pattern20","Mesh3"
1,0.921999999999997,0.758,70.013,120.546,11.64,"Set1","Pattern1","Mesh30"
2,0.588999999999999,0.723,73.239,128.71,10.769,"Set1","Pattern2","Mesh30"
3,0.586999999999996,0.734999999999999,75.65,132.702,12.001,"Set1","Pattern3","Mesh30"
4,0.572000000000003,0.79,76.45,130.812,14.514,"Set1","Pattern4","Mesh30"
5,0.566000000000003,0.782,72.439,126.415,11.484,"Set1","Pattern5","Mesh30"
6,0.569000000000003,0.805,63.855,109.643,11.204,"Set2","Pattern6","Mesh30"
7,0.599000000000004,0.778,74.1319999999999,129.093,11.847,"Set2","Pattern7","Mesh30"
8,0.567,0.783000000000001,80.242,137.807,15.528,"Set2","Pattern8","Mesh30"
9,0.594000000000001,0.777000000000001,61.6419999999999,106.375,10.461,"Set2","Pattern9","Mesh30"
10,0.585000000000001,0.804,83.1990000000001,144.395,14.25,"Set2","Pattern10","Mesh30"
11,0.555,0.801,118.608,215.557,14.928,"Set3","Pattern11","Mesh30"
12,0.563000000000002,0.813000000000001,156.56,287.105,18.363,"Set3","Pattern12","Mesh30"
13,0.559000000000005,0.809999999999999,94.6590000000001,171.12,11.978,"Set3","Pattern13","Mesh30"
14,0.552999999999997,0.826000000000001,77.444,137.578,11.486,"Set3","Pattern14","Mesh30"
15,0.554000000000002,0.830000000000002,93.2930000000001,165.035,14.378,"Set3","Pattern15","Mesh30"
16,0.545999999999992,0.837,58.8230000000001,98.4259999999999,11.698,"Set4","Pattern16","Mesh30"
17,0.549000000000007,0.835000000000001,53.8130000000001,89.3980000000001,11.511,"Set4","Pattern17","Mesh30"
18,0.576000000000008,0.829000000000001,70.799,120.198,14.079,"Set4","Pattern18","Mesh30"
19,0.542000000000002,0.831,63.913,110.155,10.992,"Set4","Pattern19","Mesh30"
20,0.549999999999997,0.837,52.838,86.0709999999999,12.923,"Set4","Pattern20","Mesh30"
1,1.267,0.767,192.452,275.304,98.046,"Set1","Pattern1","Mesh31"
2,1.015,0.787,199.551,288.01,100.598,"Set1","Pattern2","Mesh31"
3,0.643000000000001,0.754,195.007,282.932,98.677,"Set1","Pattern3","Mesh31"
4,0.621000000000009,0.752999999999999,204.841,293.763,105.264,"Set1","Pattern4","Mesh31"
5,0.635999999999996,0.745,190.344,275.575,96.757,"Set1","Pattern5","Mesh31"
6,0.606999999999999,0.777000000000001,157.986,227.445,79.664,"Set2","Pattern6","Mesh31"
7,1.03999999999999,0.824,206.556,294.332,107.029,"Set2","Pattern7","Mesh31"
8,0.634,0.811999999999999,191.52,274.598,98.0839999999999,"Set2","Pattern8","Mesh31"
9,0.624000000000009,0.811,175.23,251.77,88.955,"Set2","Pattern9","Mesh31"
10,0.632999999999996,0.798,191.752,276.006,98.46,"Set2","Pattern10","Mesh31"
11,0.611999999999995,0.794,309.405,553.432,52.2220000000001,"Set3","Pattern11","Mesh31"
12,0.607000000000014,0.831999999999999,368.438,679.942,46.6889999999999,"Set3","Pattern12","Mesh31"
13,0.576000000000008,0.85,260.996,467.213,44.5800000000002,"Set3","Pattern13","Mesh31"
14,0.617000000000004,0.858999999999998,206.279,364.271000000001,39.6360000000002,"Set3","Pattern14","Mesh31"
15,0.570000000000007,0.925000000000001,217.254,385.069,39.5039999999999,"Set3","Pattern15","Mesh31"
16,0.595999999999989,0.920999999999999,146.671,240.806,41.6599999999999,"Set4","Pattern16","Mesh31"
17,0.606999999999999,0.919,132.163,217.853,36.6139999999998,"Set4","Pattern17","Mesh31"
18,0.606999999999999,0.906000000000002,161.413,275.772999999999,35.8150000000001,"Set4","Pattern18","Mesh31"
19,0.606999999999999,0.914999999999999,158.407,264.906999999999,40.6899999999998,"Set4","Pattern19","Mesh31"
20,0.584000000000003,0.943999999999999,124.48,199.839,38.914,"Set4","Pattern20","Mesh31"
1,1.07,0.713,103.185,149.413,43.79,"Set1","Pattern1","Mesh32"
2,0.847000000000001,0.688,105.411,153.453,45.082,"Set1","Pattern2","Mesh32"
3,0.582999999999998,0.712,86.207,127.496,34.958,"Set1","Pattern3","Mesh32"
4,0.567,0.757,104.934,155.832,42.433,"Set1","Pattern4","Mesh32"
5,0.600000000000001,0.766,90.103,135.154,33.462,"Set1","Pattern5","Mesh32"
6,0.546000000000006,0.791,86.436,123.73,37.783,"Set2","Pattern6","Mesh32"
7,0.572999999999993,0.781000000000001,97.1329999999999,137.233,44.222,"Set2","Pattern7","Mesh32"
8,0.51400000000001,0.754,110.135,161.681,47.254,"Set2","Pattern8","Mesh32"
9,0.557999999999993,0.823,81.201,117.633,33.788,"Set2","Pattern9","Mesh32"
10,0.578000000000003,0.885,96.9879999999999,142.564,39.699,"Set2","Pattern10","Mesh32"
11,0.528999999999996,0.925000000000001,678.316,985.374,355.706,"Set3","Pattern11","Mesh32"
12,0.531000000000006,0.862,906.703,1335.593,461.394,"Set3","Pattern12","Mesh32"
13,0.512999999999991,0.888999999999999,532.455,774.222,275.061,"Set3","Pattern13","Mesh32"
14,0.516999999999996,0.902999999999999,419.334,610.862,215.439,"Set3","Pattern14","Mesh32"
15,0.533999999999992,0.870000000000001,461.596,671.041,237.67,"Set3","Pattern15","Mesh32"
16,0.521000000000001,0.890999999999998,291.553,409.448,158.375,"Set4","Pattern16","Mesh32"
17,0.542000000000002,0.890000000000001,219.257000000001,309.998,115.103,"Set4","Pattern17","Mesh32"
18,0.51700000000001,0.907999999999998,329.128000000001,475.223999999999,169.538,"Set4","Pattern18","Mesh32"
19,0.527000000000001,0.896000000000001,280.253,400.379999999999,147.023,"Set4","Pattern19","Mesh32"
20,0.519000000000005,0.899999999999999,206.322,288.792,111.813,"Set4","Pattern20","Mesh32"
1,0.994,0.638,184.142,270.097,87.819,"Set1","Pattern1","Mesh33"
2,0.781000000000006,0.635,206.116,302.665,99.622,"Set1","Pattern2","Mesh33"
3,0.475000000000001,0.609,188.568,278.503,90.407,"Set1","Pattern3","Mesh33"
4,0.5,0.621,187.182,276.648,89.009,"Set1","Pattern4","Mesh33"
5,0.507999999999996,0.603,179.23,265.435,85.1780000000001,"Set1","Pattern5","Mesh33"
6,0.457999999999998,0.649,160.608,236.474,76.556,"Set2","Pattern6","Mesh33"
7,0.483000000000004,0.7,180.869,263.747,88.49,"Set2","Pattern7","Mesh33"
8,0.479999999999997,0.655000000000001,188.352,277.117,90.046,"Set2","Pattern8","Mesh33"
9,0.475999999999999,0.658999999999999,165.475,242.012,80.1579999999999,"Set2","Pattern9","Mesh33"
10,0.513999999999996,0.673,198.796,289.83,97.949,"Set2","Pattern10","Mesh33"
11,0.467999999999996,0.696,265.594,491.533,28.742,"Set3","Pattern11","Mesh33"
12,0.484999999999999,0.677999999999999,398.702,751.003,34.623,"Set3","Pattern12","Mesh33"
13,0.454999999999998,0.718,236.606,436.868,26.425,"Set3","Pattern13","Mesh33"
14,0.494,0.755000000000001,214.937,392.554,27.018,"Set3","Pattern14","Mesh33"
15,0.497,0.764000000000001,199.107,360.991,25.9159999999999,"Set3","Pattern15","Mesh33"
16,0.468000000000004,0.795,144.222,247.860000000001,29.75,"Set4","Pattern16","Mesh33"
17,0.510000000000005,0.774000000000001,126.055,220.293000000001,23.9260000000002,"Set4","Pattern17","Mesh33"
18,0.49199999999999,0.788,166.979,298.036,24.2380000000001,"Set4","Pattern18","Mesh33"
19,0.47699999999999,0.815999999999999,148.184,261.993,25.059,"Set4","Pattern19","Mesh33"
20,0.492000000000004,0.807000000000002,108.387,185.773,21.1859999999999,"Set4","Pattern20","Mesh33"
1,0.672000000000004,0.554,84.244,150.495,10.175,"Set1","Pattern1","Mesh34"
2,0.468999999999994,0.584,88.087,158.582,9.812,"Set1","Pattern2","Mesh34"
3,0.668999999999997,0.631,94.52,171.379,11.033,"Set1","Pattern3","Mesh34"
4,0.451000000000001,0.612,89.888,163.165,9.659,"Set1","Pattern4","Mesh34"
5,0.433999999999997,0.634,87.358,158.211,9.482,"Set1","Pattern5","Mesh34"
6,0.404999999999994,0.667,76.551,136.776,9.459,"Set2","Pattern6","Mesh34"
7,0.454000000000001,0.651,87.547,156.764,10.752,"Set2","Pattern7","Mesh34"
8,0.451999999999998,0.639,92.2650000000001,165.111,11.591,"Set2","Pattern8","Mesh34"
9,0.420000000000002,0.654,77.86,137.926,10.677,"Set2","Pattern9","Mesh34"
10,0.446999999999996,0.672000000000001,92.8099999999999,167.073,11.14,"Set2","Pattern10","Mesh34"
11,0.447000000000003,0.657,176.794,328.478,16.789,"Set3","Pattern11","Mesh34"
12,0.442999999999998,0.656000000000001,236.525,447.039,17.581,"Set3","Pattern12","Mesh34"
13,0.417000000000002,0.669,111.472,202.859,12.864,"Set3","Pattern13","Mesh34"
14,0.420000000000002,0.673,110.835,203.368,12.153,"Set3","Pattern14","Mesh34"
15,0.424999999999997,0.691000000000001,116.655,213.018,12.571,"Set3","Pattern15","Mesh34"
16,0.433,0.754,77.5430000000001,134.321,13.505,"Set4","Pattern16","Mesh34"
17,0.433999999999997,0.782,76.05,132.55,12.529,"Set4","Pattern17","Mesh34"
18,0.433,0.780999999999999,97.3040000000001,173.717,12.463,"Set4","Pattern18","Mesh34"
19,0.407999999999994,0.786999999999999,98.1320000000001,171.593,16.253,"Set4","Pattern19","Mesh34"
20,0.436999999999998,0.766999999999999,66.05,110.919,13.712,"Set4","Pattern20","Mesh34"
1,1.35300000000001,0.776,136.68,199.797,59.078,"Set1","Pattern1","Mesh35"
2,1.066,0.801,122.033,180.364,50.236,"Set1","Pattern2","Mesh35"
3,0.718000000000004,0.784,117.937,176.695,48.165,"Set1","Pattern3","Mesh35"
4,0.686000000000007,0.855,128.019,190.102,52.859,"Set1","Pattern4","Mesh35"
5,0.679999999999993,0.745,116.505,174.17,46.799,"Set1","Pattern5","Mesh35"
6,0.661999999999992,0.791,107.814,158.139,48.062,"Set2","Pattern6","Mesh35"
7,0.659000000000006,0.607999999999999,115.022,168.173,50.76,"Set2","Pattern7","Mesh35"
8,0.609999999999999,0.649000000000001,126.209,185.231,54.676,"Set2","Pattern8","Mesh35"
9,0.625,0.711,121.587,176.648,54.3,"Set2","Pattern9","Mesh35"
10,0.685999999999993,0.899000000000001,134.418,197.526,59.162,"Set2","Pattern10","Mesh35"
11,0.658999999999992,0.970000000000001,227.387,353.641,85.085,"Set3","Pattern11","Mesh35"
12,0.682999999999993,1.054,260.903,417.343,85.5060000000001,"Set3","Pattern12","Mesh35"
13,0.614000000000004,0.734,168.73,258.98,66.274,"Set3","Pattern13","Mesh35"
14,0.63000000000001,0.896000000000001,158.051,243.25,61.045,"Set3","Pattern14","Mesh35"
15,0.62299999999999,0.811999999999998,174.339,263.115,72.513,"Set3","Pattern15","Mesh35"
16,0.650999999999996,1.045,134.485,188.521,67.7049999999999,"Set4","Pattern16","Mesh35"
17,0.635999999999996,1.01,120.135,168.194,59.1850000000001,"Set4","Pattern17","Mesh35"
18,0.602999999999994,0.831,137.815,200.847,61.634,"Set4","Pattern18","Mesh35"
19,0.634,1.194,147.32,208.464,72.203,"Set4","Pattern19","Mesh35"
20,0.652000000000001,1.252,122.446,169.728,62.9110000000001,"Set4","Pattern20","Mesh35"
1,1.45399999999999,0.799,180.419,253.17,91.071,"Set1","Pattern1","Mesh36"
2,1.509,0.82,175.57,250.422,84.205,"Set1","Pattern2","Mesh36"
3,0.751000000000005,0.844,170.029,246.307,80.223,"Set1","Pattern3","Mesh36"
4,1.155,0.8,178.795,254.676,86.437,"Set1","Pattern4","Mesh36"
5,0.722999999999999,0.629,150.47,218.958,68.747,"Set1","Pattern5","Mesh36"
6,0.719999999999999,0.714,175.772,248.917,88.595,"Set2","Pattern6","Mesh36"
7,0.742000000000004,0.676,170.996,240.175,86.5020000000001,"Set2","Pattern7","Mesh36"
8,0.733999999999995,0.747999999999999,181.083,259.156,89.173,"Set2","Pattern8","Mesh36"
9,0.730999999999995,1.027,168.251,235.168,84.809,"Set2","Pattern9","Mesh36"
10,0.741,0.609999999999999,182.1,258.62,90.494,"Set2","Pattern10","Mesh36"
11,0.677999999999997,0.771000000000001,293.917,441.616,125.318,"Set3","Pattern11","Mesh36"
12,0.718999999999994,1.062,347.15,540.704,130.572,"Set3","Pattern12","Mesh36"
13,0.72399999999999,0.874000000000001,259.143,381.058,119.766,"Set3","Pattern13","Mesh36"
14,0.710999999999999,1.066,223.433,326.496999999999,105.756,"Set3","Pattern14","Mesh36"
15,0.672999999999988,0.920999999999999,249.069,354.296,126.202,"Set3","Pattern15","Mesh36"
16,0.676000000000002,0.974,176.854,240.978,96.702,"Set4","Pattern16","Mesh36"
17,0.646000000000001,0.609999999999999,155.062,216.384,79.8409999999999,"Set4","Pattern17","Mesh36"
18,0.667999999999992,0.651,191.117,266.943,100.735,"Set4","Pattern18","Mesh36"
19,0.670999999999992,0.627000000000002,191.043,261.700000000001,104.289,"Set4","Pattern19","Mesh36"
20,0.673999999999992,0.669,156.89,210.202,89.5630000000001,"Set4","Pattern20","Mesh36"
1,0.557,0.567,14.663,22.281,2.429,"Set1","Pattern1","Mesh4"
2,0.365,0.56,12.761,19.205,2.303,"Set1","Pattern2","Mesh4"
3,0.349,0.558,16.706,27.103,2.291,"Set1","Pattern3","Mesh4"
4,0.328999999999999,0.572,17.498,28.692,2.308,"Set1","Pattern4","Mesh4"
5,0.350000000000001,0.537,15.653,25.23,2.216,"Set1","Pattern5","Mesh4"
6,0.341000000000001,0.547,12.097,18.291,2.221,"Set2","Pattern6","Mesh4"
7,0.358000000000001,0.563,16.539,26.791,2.285,"Set2","Pattern7","Mesh4"
8,0.346,0.577,17.632,28.712,2.347,"Set2","Pattern8","Mesh4"
9,0.321,0.598999999999998,12.434,18.703,2.187,"Set2","Pattern9","Mesh4"
10,0.350000000000001,0.596,21.759,36.807,2.431,"Set2","Pattern10","Mesh4"
11,0.326000000000001,0.613999999999999,8.589,11.454,2.104,"Set3","Pattern11","Mesh4"
12,0.316000000000003,0.603,7.75700000000001,9.99200000000002,2.099,"Set3","Pattern12","Mesh4"
13,0.317,0.604000000000001,16.245,26.597,2.137,"Set3","Pattern13","Mesh4"
14,0.320999999999998,0.614000000000001,8.51600000000002,11.347,2.159,"Set3","Pattern14","Mesh4"
15,0.323,0.622,14.612,23.486,2.221,"Set3","Pattern15","Mesh4"
16,0.305,0.616999999999999,10.041,14.436,2.196,"Set4","Pattern16","Mesh4"
17,0.316000000000003,0.614000000000001,8.73499999999996,11.776,2.015,"Set4","Pattern17","Mesh4"
18,0.317,0.564,12.194,18.921,2.101,"Set4","Pattern18","Mesh4"
19,0.311,0.596,14.054,22.597,2.101,"Set4","Pattern19","Mesh4"
20,0.321999999999999,0.559999999999999,8.57599999999996,11.636,1.95,"Set4","Pattern20","Mesh4"
1,0.827000000000002,0.641,21.197,33.509,3.366,"Set1","Pattern1","Mesh5"
2,0.533000000000001,0.649,22.649,36.54,3.564,"Set1","Pattern2","Mesh5"
3,0.536000000000001,0.677,23.969,39.067,3.742,"Set1","Pattern3","Mesh5"
4,0.539999999999999,0.668,23.438,38.106,3.571,"Set1","Pattern4","Mesh5"
5,0.581,0.669,22.894,36.506,3.668,"Set1","Pattern5","Mesh5"
6,0.550999999999998,0.657,17.5,26.344,3.465,"Set2","Pattern6","Mesh5"
7,0.559000000000001,0.678000000000001,24.091,39.038,3.735,"Set2","Pattern7","Mesh5"
8,0.545999999999999,0.707000000000001,24.814,40.399,3.815,"Set2","Pattern8","Mesh5"
9,0.513000000000002,0.686999999999999,18.18,27.617,3.52,"Set2","Pattern9","Mesh5"
10,0.536999999999999,0.765000000000001,28.339,47.39,3.875,"Set2","Pattern10","Mesh5"
11,0.510000000000002,0.727,21.845,36.017,3.026,"Set3","Pattern11","Mesh5"
12,0.498999999999999,0.742000000000001,11.729,15.605,3.082,"Set3","Pattern12","Mesh5"
13,0.483000000000001,0.731,24.866,41.476,3.358,"Set3","Pattern13","Mesh5"
14,0.474999999999998,0.754,12.307,16.713,3.10999999999999,"Set3","Pattern14","Mesh5"
15,0.503999999999998,0.741000000000001,25.426,42.5360000000001,3.306,"Set3","Pattern15","Mesh5"
16,0.484000000000002,0.721999999999998,12.28,16.5410000000001,3.10100000000001,"Set4","Pattern16","Mesh5"
17,0.479999999999997,0.742000000000001,12.853,17.562,3.105,"Set4","Pattern17","Mesh5"
18,0.500999999999998,0.758000000000003,17.901,27.429,3.265,"Set4","Pattern18","Mesh5"
19,0.494,0.773,19.429,30.924,2.98400000000001,"Set4","Pattern19","Mesh5"
20,0.463000000000001,0.725000000000001,12.753,17.582,3.006,"Set4","Pattern20","Mesh5"
1,0.823,0.641,20.965,32.989,3.44,"Set1","Pattern1","Mesh6"
2,0.529,0.639,23.106,37.226,3.753,"Set1","Pattern2","Mesh6"
3,0.529,0.637,22.776,36.22,3.813,"Set1","Pattern3","Mesh6"
4,0.523,0.646000000000001,22.014,35.101,3.688,"Set1","Pattern4","Mesh6"
5,0.538999999999998,0.656,21.025,33.087,3.701,"Set1","Pattern5","Mesh6"
6,0.510000000000002,0.665,16.037,23.661,3.37,"Set2","Pattern6","Mesh6"
7,0.568999999999999,0.659,22.373,35.663,3.666,"Set2","Pattern7","Mesh6"
8,0.501999999999999,0.683,22.283,35.719,3.65,"Set2","Pattern8","Mesh6"
9,0.547000000000001,0.747,17.13,25.403,3.44,"Set2","Pattern9","Mesh6"
10,0.558,0.734999999999999,26.617,43.574,3.978,"Set2","Pattern10","Mesh6"
11,0.497999999999998,0.737,18.073,28.357,3.044,"Set3","Pattern11","Mesh6"
12,0.477,0.741,9.85300000000001,12.048,3.023,"Set3","Pattern12","Mesh6"
13,0.503999999999998,0.73,21.329,34.738,3.145,"Set3","Pattern13","Mesh6"
14,0.484999999999999,0.710000000000001,10.494,13.337,3.054,"Set3","Pattern14","Mesh6"
15,0.489999999999998,0.733000000000001,20.664,33.002,3.25700000000001,"Set3","Pattern15","Mesh6"
16,0.491000000000003,0.731999999999999,10.694,13.435,2.994,"Set4","Pattern16","Mesh6"
17,0.478999999999999,0.727,11.747,15.286,3.14,"Set4","Pattern17","Mesh6"
18,0.475999999999999,0.749000000000002,16.259,23.9519999999999,3.255,"Set4","Pattern18","Mesh6"
19,0.481999999999999,0.734999999999999,16.195,24.0830000000001,3.166,"Set4","Pattern19","Mesh6"
20,0.489000000000004,0.741,11.075,13.6479999999999,3.27300000000001,"Set4","Pattern20","Mesh6"
1,0.816000000000003,0.652,21.283,32.787,3.962,"Set1","Pattern1","Mesh7"
2,0.526999999999997,0.675,21.413,33.491,3.867,"Set1","Pattern2","Mesh7"
3,0.546000000000003,0.632,24.643,39.844,4.044,"Set1","Pattern3","Mesh7"
4,0.532999999999998,0.683999999999999,25.62,41.969,3.856,"Set1","Pattern4","Mesh7"
5,0.561,0.682,23.739,38.003,3.995,"Set1","Pattern5","Mesh7"
6,0.532,0.683999999999999,17.418,25.994,3.552,"Set2","Pattern6","Mesh7"
7,0.544,0.693,23.681,37.862,4.029,"Set2","Pattern7","Mesh7"
8,0.527000000000001,0.703999999999999,24.364,39.319,4.052,"Set2","Pattern8","Mesh7"
9,0.520999999999997,0.687999999999999,18.292,27.818,3.52200000000001,"Set2","Pattern9","Mesh7"
10,0.558999999999997,0.75,28.448,47.111,3.912,"Set2","Pattern10","Mesh7"
11,0.496000000000002,0.734,12.087,16.055,3.156,"Set3","Pattern11","Mesh7"
12,0.509,0.75,12.03,16.298,3.129,"Set3","Pattern12","Mesh7"
13,0.492000000000001,0.807,25.003,41.691,3.266,"Set3","Pattern13","Mesh7"
14,0.488,0.766,12.322,16.079,3.366,"Set3","Pattern14","Mesh7"
15,0.52,0.806000000000001,23.406,38.66,3.164,"Set3","Pattern15","Mesh7"
16,0.496000000000002,0.792000000000002,12.568,16.931,3.08799999999999,"Set4","Pattern16","Mesh7"
17,0.494,0.803000000000001,12.94,17.62,3.16499999999999,"Set4","Pattern17","Mesh7"
18,0.484000000000002,0.760999999999999,16.177,24.201,3.208,"Set4","Pattern18","Mesh7"
19,0.507000000000005,0.748000000000001,18.142,27.785,3.28700000000001,"Set4","Pattern19","Mesh7"
20,0.482999999999997,0.708000000000002,11.715,15.8,3.01600000000001,"Set4","Pattern20","Mesh7"
1,0.849,0.643,25.425,40.979,3.982,"Set1","Pattern1","Mesh8"
2,0.558,0.661,26.806,43.919,4.224,"Set1","Pattern2","Mesh8"
3,0.545999999999999,0.669,28.021,45.583,4.78,"Set1","Pattern3","Mesh8"
4,0.550999999999998,0.654,28.579,47.153,4.368,"Set1","Pattern4","Mesh8"
5,0.559000000000001,0.659000000000001,26.548,43.438,4.185,"Set1","Pattern5","Mesh8"
6,0.552999999999997,0.682,19.398,29.664,3.74,"Set2","Pattern6","Mesh8"
7,0.543000000000003,0.77,27.588,44.66,4.541,"Set2","Pattern7","Mesh8"
8,0.514000000000003,0.741,26.381,42.772,4.433,"Set2","Pattern8","Mesh8"
9,0.528000000000002,0.751999999999999,22.531,34.163,4.863,"Set2","Pattern9","Mesh8"
10,0.567999999999998,0.764000000000001,31.6950000000001,52.7550000000001,4.653,"Set2","Pattern10","Mesh8"
11,0.48,0.744,15.651,22.559,3.579,"Set3","Pattern11","Mesh8"
12,0.488999999999997,0.767000000000001,15.502,22.334,3.526,"Set3","Pattern12","Mesh8"
13,0.492000000000001,0.750999999999999,31.236,53.423,3.72200000000001,"Set3","Pattern13","Mesh8"
14,0.491,0.742000000000001,15.03,21.746,3.36200000000001,"Set3","Pattern14","Mesh8"
15,0.503,0.779999999999999,32.587,56.6039999999999,3.59400000000001,"Set3","Pattern15","Mesh8"
16,0.466999999999999,0.754999999999999,14.666,21.399,3.08800000000001,"Set4","Pattern16","Mesh8"
17,0.475999999999999,0.747,15.737,22.5549999999999,3.54000000000001,"Set4","Pattern17","Mesh8"
18,0.474000000000004,0.741,22.258,36.1559999999999,3.349,"Set4","Pattern18","Mesh8"
19,0.448999999999998,0.738999999999997,23.686,39.2909999999999,3.364,"Set4","Pattern19","Mesh8"
20,0.460999999999999,0.758000000000003,14.364,20.847,3.137,"Set4","Pattern20","Mesh8"
1,0.808000000000002,0.634,19.931,31,3.336,"Set1","Pattern1","Mesh9"
2,0.521000000000001,0.651,24.63,40.267,3.544,"Set1","Pattern2","Mesh9"
3,0.523000000000003,0.626,22.295,35.8,3.6,"Set1","Pattern3","Mesh9"
4,0.52,0.662,22.783,37.013,3.452,"Set1","Pattern4","Mesh9"
5,0.521000000000001,0.655,21.196,33.708,3.57,"Set1","Pattern5","Mesh9"
6,0.501999999999999,0.67,17.003,25.428,3.345,"Set2","Pattern6","Mesh9"
7,0.533999999999999,0.688,23.777,38.163,3.717,"Set2","Pattern7","Mesh9"
8,0.516999999999999,0.706000000000001,23.302,37.691,3.596,"Set2","Pattern8","Mesh9"
9,0.539999999999999,0.723000000000001,17.642,26.431,3.456,"Set2","Pattern9","Mesh9"
10,0.530999999999999,0.779,26.278,43.227,3.689,"Set2","Pattern10","Mesh9"
11,0.492000000000001,0.774000000000001,11.178,14.341,3.12,"Set3","Pattern11","Mesh9"
12,0.481000000000002,0.753,10.638,13.764,2.93,"Set3","Pattern12","Mesh9"
13,0.48,0.762,22.658,36.948,3.288,"Set3","Pattern13","Mesh9"
14,0.477,0.764000000000001,11.305,14.699,3.111,"Set3","Pattern14","Mesh9"
15,0.494,0.747,22.906,37.358,3.309,"Set3","Pattern15","Mesh9"
16,0.471999999999998,0.770999999999997,11.698,15.176,3.101,"Set4","Pattern16","Mesh9"
17,0.491,0.794,12.572,16.8560000000001,3.101,"Set4","Pattern17","Mesh9"
18,0.480000000000004,0.738,17.9160000000001,27.314,3.23399999999999,"Set4","Pattern18","Mesh9"
19,0.497,0.750999999999998,19.826,31.427,3.19499999999999,"Set4","Pattern19","Mesh9"
20,0.487000000000002,0.777999999999999,11.062,14.171,3.074,"Set4","Pattern20","Mesh9"
